{
  "project_info": {
    "project_number": "112708714545",
    "firebase_url": "https://listatarefas-ffa6c-default-rtdb.firebaseio.com",
    "project_id": "listatarefas-ffa6c",
    "storage_bucket": "listatarefas-ffa6c.appspot.com"
  },
  "client": [
    {
      "client_info": {
        "mobilesdk_app_id": "1:112708714545:android:a7e3d3362f010d1b5ed510",
        "android_client_info": {
          "package_name": "br.com.carolinabartoli.listatarefas_corrigido"
        }
      },
      "oauth_client": [
        {
          "client_id": "112708714545-77uveeavv56ma0dv3tso3dl4h413ajpu.apps.googleusercontent.com",
          "client_type": 3
        }
      ],
      "api_key": [
        {
          "current_key": "AIzaSyDmEmcb1gw0D_WiAo38bdZjAvDGY8DVJ6A"
        }
      ],
      "services": {
        "appinvite_service": {
          "other_platform_oauth_client": [
            {
              "client_id": "112708714545-77uveeavv56ma0dv3tso3dl4h413ajpu.apps.googleusercontent.com",
              "client_type": 3
            }
          ]
        }
      }
    }
  ],
  "configuration_version": "1"
}